location,Basel,Basel,Basel,Basel,Basel,Basel,Basel,Basel,Basel,Basel,Basel,Basel,Basel
lat,47.54694,47.54694,47.54694,47.54694,47.54694,47.54694,47.54694,47.54694,47.54694,47.54694,47.54694,47.54694,47.54694
lon,7.56892,7.56892,7.56892,7.56892,7.56892,7.56892,7.56892,7.56892,7.56892,7.56892,7.56892,7.56892,7.56892
asl,283.697,283.697,283.697,283.697,283.697,283.697,283.697,283.697,283.697,283.697,283.697,283.697,283.697
variable,Temperature,Temperature,Temperature,Precipitation Total,Snowfall Amount,Relative Humidity,Relative Humidity,Relative Humidity,Cloud Cover Total,Wind Speed,Wind Speed,Wind Speed,Wind Direction Dominant
unit,째C,째C,째C,mm,cm,%,%,%,%,km/h,km/h,km/h,째
level,2 m elevation corrected,2 m elevation corrected,2 m elevation corrected,sfc,sfc,2 m,2 m,2 m,sfc,10 m,10 m,10 m,10 m
resolution,daily,daily,daily,daily,daily,daily,daily,daily,daily,daily,daily,daily,daily
aggregation,Maximum,Minimum,Mean,Summation,Summation,Maximum,Minimum,Mean,Mean,Maximum,Minimum,Mean,None
timestamp,Basel Temperature [2 m elevation corrected],Basel Temperature [2 m elevation corrected],Basel Temperature [2 m elevation corrected],Basel Precipitation Total,Basel Snowfall Amount,Basel Relative Humidity [2 m],Basel Relative Humidity [2 m],Basel Relative Humidity [2 m],Basel Cloud Cover Total,Basel Wind Speed [10 m],Basel Wind Speed [10 m],Basel Wind Speed [10 m],Basel Wind Direction Dominant [10 m]
20210101T0000,4.1505284,-0.9194713,1.6930285,1.8000001,0.56,91.0,76.0,85.416664,87.166664,22.366402,5.0911684,13.395587,321.63544
20210102T0000,5.7005286,-0.7394713,1.2721955,0.0,0.0,94.0,60.0,83.666664,82.875,20.188908,5.8603754,12.937491,6.8197784
20210103T0000,2.6005285,-1.2994714,0.24302863,0.3,0.21000001,94.0,70.0,85.208336,94.0,22.086521,2.8799999,14.477715,336.97876
20210104T0000,3.5705285,-1.3094714,0.53136194,0.0,0.0,95.0,68.0,82.416664,47.708332,15.034041,4.32,8.430879,87.554184
20210105T0000,2.5405285,-1.2594713,0.31719533,0.0,0.0,96.0,65.0,82.333336,71.75,9.585739,2.16,5.62699,323.99927
20210106T0000,3.8705285,0.0005286578,1.677612,0.3,0.21000001,95.0,70.0,83.458336,100.0,23.377836,0.8049845,15.357078,279.96765
20210107T0000,3.0405285,-1.1894714,1.0084451,0.0,0.0,86.0,66.0,78.083336,73.375,22.346113,6.4096174,14.699052,265.37585
20210108T0000,2.5705285,-1.6794714,0.3759453,0.0,0.0,86.0,61.0,75.458336,50.375,16.923828,4.6800003,10.096349,271.41602
20210109T0000,3.0505285,-2.9194715,-0.56572133,0.0,0.0,79.0,61.0,71.708336,14.604167,19.64558,3.8773184,10.123879,67.566246
20210110T0000,2.6105285,-4.6694713,-1.5319715,0.0,0.0,92.0,59.0,75.875,5.6666665,19.161337,2.6208394,8.257267,41.797394
20210111T0000,1.0105287,-4.6994715,-2.138638,0.0,0.0,85.0,62.0,74.041664,16.25,7.5685663,0.0,3.3293407,345.96378
20210112T0000,4.6805286,-1.4194714,2.3113618,4.6,0.0,90.0,63.0,76.833336,82.09583,41.23532,7.145796,27.02321,251.05167
20210113T0000,6.7105284,-1.1894714,3.243862,1.0,0.07,98.0,61.0,85.458336,72.416664,52.55506,6.162207,23.895407,269.88678
20210114T0000,6.6705284,0.13052866,1.7730289,31.900002,18.339998,98.0,93.0,95.75,100.0,49.362022,1.9386592,22.553963,73.258026
20210115T0000,1.1105287,-4.459471,-0.63030463,8.799999,6.16,98.0,75.0,90.958336,79.25,38.592266,4.3498964,14.708576,90.63737
20210116T0000,0.41052866,-4.709471,-2.2028048,0.3,0.21000001,95.0,74.0,88.0,61.904163,17.709658,0.71999997,4.9953675,124.88356
20210117T0000,4.3505287,-0.13947135,1.9121953,2.4999998,1.5400001,99.0,87.0,92.958336,100.0,49.38434,10.44,29.140999,269.63214
20210118T0000,4.7505283,-0.9294713,2.2830286,0.5,0.35000002,97.0,70.0,84.833336,67.80417,29.024128,7.208994,19.3444,269.3979
20210119T0000,8.410529,-1.6694714,2.083445,0.0,0.0,88.0,56.0,72.375,50.079166,7.289444,0.8049845,5.0042853,171.1723
20210120T0000,10.070529,1.0505286,4.3867784,0.0,0.0,88.0,53.0,67.875,51.649998,27.0,2.4149535,15.22625,163.3738
20210121T0000,11.030529,1.5105287,7.6938624,0.0,0.0,95.0,55.0,68.125,73.90833,43.56595,15.5843,29.494589,207.12761
20210122T0000,12.070529,7.7405286,8.908862,2.1000001,0.0,89.0,59.0,75.208336,75.9125,46.34082,6.989936,23.870249,220.25919
20210123T0000,7.0505285,1.7805287,4.045945,9.2,3.29,92.0,57.0,79.75,85.07917,35.281837,15.978484,23.543505,252.13179
20210124T0000,4.3305287,0.48052865,1.9917787,1.7,0.14,92.0,45.0,72.333336,65.041664,42.17535,6.489992,25.404043,265.6875
20210125T0000,3.5205286,0.31052867,1.6180283,3.9999998,1.12,93.0,66.0,81.875,88.458336,53.42696,22.79684,38.808857,270.18777
20210126T0000,4.2305284,-1.4394714,0.968862,0.0,0.0,92.0,61.0,78.25,35.891666,41.401566,4.510787,24.042046,265.32492
20210127T0000,4.6405287,-0.65947133,2.2809453,1.2,0.0,100.0,59.0,78.416664,80.98333,29.947151,5.8048253,15.08015,246.74484
20210128T0000,12.910529,3.4305286,8.425945,3.1,0.0,100.0,75.0,90.041664,80.49166,56.23495,12.758432,28.30675,253.2211
20210129T0000,10.750529,6.9505286,9.468862,2.8,0.0,87.0,68.0,79.041664,83.64167,38.948273,14.021525,29.007378,262.4711
20210130T0000,9.450529,5.6505284,7.1480293,4.9,0.0,92.0,63.0,78.916664,79.86667,33.908863,3.671294,14.580219,244.13013
20210131T0000,8.580529,2.7205286,6.555946,1.0,0.0,97.0,78.0,88.083336,100.0,14.830076,3.2399998,7.4754443,309.45468
20210201T0000,11.210529,6.2205286,8.439694,1.5000001,0.0,88.0,73.0,79.625,100.0,25.651104,5.1919937,15.638969,239.14151
20210202T0000,13.370529,5.1305285,9.398446,1.0,0.0,89.0,68.0,77.958336,71.725,27.36947,6.989936,16.025602,243.02441
20210203T0000,15.250529,9.230529,11.690112,0.8,0.0,91.0,48.0,69.166664,53.083332,43.659554,5.2416787,23.758913,239.4992
20210204T0000,14.040529,5.2705283,9.146361,0.6,0.0,79.0,52.0,68.583336,51.454166,37.212578,3.8939953,12.539756,157.5641
20210205T0000,13.290529,7.3005285,10.185946,1.2,0.0,96.0,61.0,79.541664,86.362495,13.084402,1.08,6.6640716,108.05425
20210206T0000,14.780529,6.6305285,9.97428,0.0,0.0,95.0,55.0,74.041664,57.454163,23.933908,4.5820518,13.740716,111.99113
20210207T0000,10.160529,4.3805285,7.366778,1.7,0.0,81.0,56.0,70.125,89.166664,28.449112,9.220499,16.60179,242.62024
20210208T0000,5.9005284,0.80052865,2.4117787,0.1,0.07,89.0,64.0,79.666664,85.166664,25.076267,1.609969,8.947219,299.90973
20210209T0000,5.6505284,-1.1694714,1.5596952,0.0,0.0,91.0,62.0,75.833336,93.708336,16.75064,2.9024127,8.75363,9.851318
20210210T0000,0.46052867,-4.3194714,-2.6257215,6.7999988,4.410001,95.0,79.0,89.958336,100.0,34.62369,6.489992,21.003408,344.24884
20210211T0000,-1.9594713,-8.149471,-4.8169713,0.6,0.42000002,90.0,56.0,74.958336,35.3875,42.305744,4.896529,24.034195,85.9429
20210212T0000,1.7105286,-5.8694715,-3.1786382,0.0,0.0,71.0,48.0,62.541668,69.74166,45.872814,22.104116,33.894596,94.09285
20210213T0000,0.010528658,-7.1494713,-3.876138,0.0,0.0,65.0,41.0,55.5,0.0,44.093754,18.888851,31.140387,96.39511
20210214T0000,2.7205286,-6.4394712,-2.4865549,0.0,0.0,77.0,49.0,61.833332,13.045834,25.683926,5.6920996,16.386744,117.187546
20210215T0000,7.2805285,-2.3294713,2.802612,0.0,0.0,84.0,53.0,69.125,79.166664,14.512064,2.8799999,8.9243,127.3683
20210216T0000,14.250529,2.0405285,7.4538617,0.0,0.0,88.0,56.0,69.583336,52.795837,12.371645,0.0,5.8303456,144.63754
20210217T0000,12.200529,6.8205285,9.542611,0.1,0.0,89.0,59.0,73.0,34.312496,30.599998,3.7064266,15.1360235,266.74112
20210218T0000,15.770529,1.2005286,8.8526125,0.0,0.0,96.0,31.0,63.458332,47.083332,26.787966,8.942214,16.290056,176.91887
20210219T0000,14.890529,9.390529,11.655529,0.0,0.0,74.0,54.0,65.583336,55.858334,24.798223,1.2979984,8.819115,199.62567
20210220T0000,18.360529,5.7005286,10.278446,0.0,0.0,79.0,34.0,60.583332,3.4999998,18.0,7.7043357,11.86605,124.38676
20210221T0000,16.520529,3.2905285,9.341362,0.0,0.0,78.0,40.0,57.958332,0.0,15.778518,5.3999996,11.499875,113.625046
20210222T0000,18.010529,0.85052866,9.257195,0.0,0.0,79.0,34.0,55.833332,9.570834,23.006226,3.8268526,13.391846,115.364845
20210223T0000,18.70053,9.680529,12.739696,0.0,0.0,68.0,42.0,55.666668,1.6708332,15.408671,1.8,7.4995694,137.45905
20210224T0000,20.440529,8.960529,12.959697,0.0,0.0,66.0,35.0,55.083332,0.0,15.7908325,4.829907,9.146145,119.054596
20210225T0000,18.07053,8.770529,13.237195,0.0,0.0,69.0,45.0,54.208332,0.0,10.233123,0.35999998,4.670967,125.425766
20210226T0000,15.410529,7.8405285,11.246778,0.2,0.0,86.0,54.0,72.208336,47.354168,23.441502,0.35999998,10.45142,355.38672
20210227T0000,11.480529,5.1805286,8.001779,0.6,0.0,88.0,35.0,60.0,37.791668,28.817993,3.8268526,15.813586,62.975357
20210228T0000,12.370529,-0.30947134,4.151362,0.0,0.0,95.0,37.0,74.583336,41.666668,14.764389,3.096837,7.596501,25.486374
20210301T0000,13.740529,0.34052867,6.4838624,0.0,0.0,84.0,42.0,64.0,0.0,17.377226,3.7585104,8.681525,105.85821
20210302T0000,16.740528,2.0005286,8.899279,0.0,0.0,75.0,37.0,57.25,0.71250004,11.384198,1.1384199,7.7650466,111.64792
20210303T0000,16.90053,5.7705283,11.013447,0.0,0.0,58.0,24.0,45.125,4.4125,9.290511,0.35999998,5.281362,143.40068
20210304T0000,14.770529,7.540529,10.70803,0.5,0.0,89.0,48.0,63.541668,81.166664,20.991426,2.5959969,9.707852,262.97723
20210305T0000,8.270529,4.5805287,6.7596946,0.0,0.0,93.0,62.0,77.041664,99.708336,23.042812,6.489992,15.074233,359.32245
20210306T0000,10.460529,-0.43947133,4.6867785,0.0,0.0,70.0,31.0,50.458332,5.375,24.490587,5.0142193,14.232685,90.18422
20210307T0000,11.840529,1.1405287,6.277612,0.0,0.0,75.0,47.0,58.75,28.875,13.37825,1.484318,8.996946,155.13629
20210308T0000,9.850529,0.61052865,5.1738615,0.0,0.0,81.0,49.0,65.791664,24.208334,15.484185,2.5455842,9.222076,324.79337
20210309T0000,9.5505295,0.23052865,4.7734456,0.0,0.0,82.0,44.0,63.375,51.108334,16.311613,0.5091169,6.3214226,330.01337
20210310T0000,11.890529,2.5305285,7.470112,0.0,0.0,82.0,45.0,62.041668,64.4375,14.77755,1.4399999,6.0972958,268.67548
20210311T0000,14.390529,8.670529,11.129696,3.2,0.0,79.0,38.0,61.416668,88.166664,38.706276,5.8603754,25.081797,247.62186
20210312T0000,10.780529,5.2705283,7.7446957,0.0,0.0,77.0,46.0,62.791668,38.583332,31.983318,22.086521,26.634705,255.91635
20210313T0000,11.710529,5.8605285,8.233862,0.7,0.0,74.0,51.0,63.541668,83.958336,47.194336,26.932714,35.182194,242.67355
20210314T0000,6.5005283,2.1605287,4.7821956,2.6999998,0.0,85.0,64.0,76.083336,73.708336,40.68637,19.9954,30.365746,274.81415
20210315T0000,8.510529,3.4005284,5.666779,1.8000002,0.0,85.0,59.0,75.291664,87.625,47.656166,14.4,26.2566,280.59036
20210316T0000,7.5505285,-0.09947134,3.777612,1.0,0.0,91.0,54.0,75.083336,69.333336,24.967499,11.5199995,17.816488,277.48187
20210317T0000,6.6605287,2.0405285,4.109695,1.9000001,0.0,93.0,60.0,79.083336,80.041664,25.683926,4.829907,15.438315,351.1529
20210318T0000,6.3205285,-0.14947134,3.0734453,0.0,0.0,90.0,46.0,68.541664,55.875,12.682018,1.2979984,7.041223,23.075714
20210319T0000,6.2605286,-0.82947135,2.9546955,0.4,0.0,81.0,52.0,65.5,59.041668,22.35481,3.8773184,11.675357,41.89897
20210320T0000,5.5205283,-2.5794713,1.5009452,0.0,0.0,92.0,31.0,57.333332,46.875,24.627787,3.396233,14.299895,45.410706
20210321T0000,8.420529,-1.2894714,3.5071955,0.0,0.0,75.0,36.0,57.166668,56.416668,17.208603,0.71999997,8.272477,359.27783
20210322T0000,7.8305287,-0.69947135,3.782195,0.0,0.0,95.0,55.0,75.125,43.154163,18.792551,1.484318,9.2218075,359.89087
20210323T0000,11.440529,-0.57947135,5.5838623,0.0,0.0,88.0,50.0,68.25,44.454166,12.522619,3.8773184,7.492003,41.213882
20210324T0000,16.410528,2.5005286,9.599696,0.0,0.0,86.0,35.0,56.666668,1.6458334,11.620809,2.3051248,6.8547034,111.428665
20210325T0000,15.630529,6.3605285,11.012195,0.0,0.0,69.0,42.0,53.416668,43.170834,18.888851,1.2979984,9.564705,265.105
20210326T0000,17.07053,7.1605287,12.164695,0.1,0.0,84.0,45.0,63.375,65.725,9.885262,1.0182338,5.3142037,163.6949
20210327T0000,12.280529,5.1205287,8.930112,3.4,0.0,87.0,39.0,60.916668,34.966663,27.691935,8.587338,21.088406,268.529
20210328T0000,15.860529,3.1405284,9.458446,0.0,0.0,67.0,39.0,53.083332,7.2208343,9.107359,1.9386592,5.9243145,170.82646
20210329T0000,20.04053,6.1805286,13.377196,0.0,0.0,65.0,27.0,47.291668,6.5,6.9899354,1.08,3.9910707,110.96268
20210330T0000,22.38053,9.420529,15.874279,0.0,0.0,62.0,28.0,44.583332,16.383333,12.57426,1.835647,7.182625,111.33876
20210331T0000,23.73053,10.730529,17.345114,0.0,0.0,59.0,35.0,47.75,4.0833335,5.815978,0.0,3.7362883,154.5807
20210401T0000,23.80053,13.790529,18.602613,0.0,0.0,61.0,31.0,46.416668,0.0,12.10157,1.4399999,6.44738,257.11804
20210402T0000,15.930529,6.9005284,11.540528,0.0,0.0,89.0,43.0,65.375,15.791667,26.727423,4.0249224,14.909032,337.1161
20210403T0000,12.040529,1.6305287,6.6863613,0.0,0.0,87.0,35.0,62.208332,45.958332,23.936617,2.4149535,11.703079,51.693573
20210404T0000,13.970529,0.17052865,7.0926127,0.0,0.0,76.0,40.0,56.291668,0.0,17.106628,0.8049845,7.832332,4.613861
20210405T0000,13.920529,1.5205287,7.195112,3.7,2.1,91.0,42.0,60.958332,57.0625,42.175346,5.0142193,20.295784,289.3531
20210406T0000,5.1405287,-1.8494713,1.4042786,2.0,1.3299999,93.0,36.0,60.958332,65.875,27.70831,1.484318,16.307602,296.37122
20210407T0000,6.9805284,-3.7694714,2.2405283,0.70000005,0.49,83.0,33.0,56.791668,83.541664,49.00498,17.782688,31.551416,289.15222
20210408T0000,11.5505295,0.5205287,6.438028,0.0,0.0,76.0,36.0,51.833332,34.291668,20.545246,1.4399999,8.8914585,293.56036
20210409T0000,18.850529,1.3905287,10.120528,0.0,0.0,60.0,26.0,43.25,62.441666,22.26477,2.8116899,9.5412245,213.95906
20210410T0000,18.990528,8.440529,13.464279,0.3,0.0,66.0,33.0,49.25,72.10833,15.509274,0.8049845,7.137253,223.75848
20210411T0000,19.95053,7.9105287,13.1096945,7.7999997,0.0,88.0,32.0,66.666664,77.42083,24.149532,5.1165614,12.43755,251.0502
20210412T0000,9.620529,1.6805286,5.3705287,7.7999997,1.12,92.0,41.0,72.5,65.291664,19.05281,5.3517847,12.016792,354.71988
20210413T0000,8.340529,-1.0494714,4.190945,0.0,0.0,89.0,45.0,64.791664,15.583333,13.358861,1.0182338,5.9011645,53.71261
20210414T0000,10.400529,-1.1694714,4.885529,0.0,0.0,72.0,29.0,50.583332,40.75,16.299694,0.0,8.850485,48.63817
20210415T0000,9.100529,-0.6694713,4.864696,0.0,0.0,80.0,32.0,50.708332,38.833332,18.678415,1.484318,10.187503,53.41384
20210416T0000,11.770529,-1.3694713,4.7651114,0.0,0.0,78.0,32.0,54.75,18.916666,18.584509,1.5273507,8.14747,30.137527
20210417T0000,11.860529,1.2305287,6.8576126,0.0,0.0,78.0,42.0,59.666668,50.166668,17.31746,0.8049845,7.6171646,35.53766
20210418T0000,11.530529,4.7605286,8.348447,0.90000004,0.0,92.0,55.0,70.208336,84.5,16.862455,2.0364676,8.715188,347.2929
20210419T0000,14.5505295,5.040529,9.564279,0.0,0.0,90.0,43.0,67.375,31.333334,14.05845,1.4399999,5.650011,18.287277
20210420T0000,16.350529,5.3005285,11.178863,0.0,0.0,83.0,37.0,56.833332,8.791667,8.473393,2.0991426,5.3163695,98.949455
20210421T0000,17.30053,6.1705284,12.117195,0.0,0.0,71.0,38.0,53.125,6.7083335,9.339208,1.2979984,6.330026,24.72731
20210422T0000,16.95053,6.0105286,11.77428,0.0,0.0,80.0,39.0,56.375,13.150001,22.725668,1.1384199,11.448741,348.91745
20210423T0000,19.170528,2.4205287,11.160945,0.0,0.0,65.0,32.0,46.625,0.0,11.367109,1.1384199,6.4662666,70.97439
20210424T0000,19.97053,3.9205287,12.043445,0.0,0.0,67.0,31.0,50.833332,0.0,13.004921,4.8433046,8.319737,22.121933
20210425T0000,19.250528,6.4105287,12.485944,0.0,0.0,72.0,44.0,58.458332,30.858332,17.555305,1.835647,8.559164,347.86746
20210426T0000,18.930529,4.2705283,11.224694,0.0,0.0,70.0,33.0,52.708332,24.683332,22.33161,2.0991426,10.125701,59.686676
20210427T0000,18.750528,2.2505286,10.878861,0.0,0.0,74.0,36.0,52.0,3.5291665,12.287555,1.9386592,7.7810116,330.44632
20210428T0000,19.29053,10.410529,14.319279,4.6,0.0,86.0,44.0,59.458332,79.166664,26.712873,1.9386592,11.979199,203.46402
20210429T0000,15.470529,9.540529,12.724696,2.2,0.0,86.0,48.0,64.666664,96.083336,25.364037,4.6800003,12.505742,266.37183
20210430T0000,14.320529,8.330529,10.858864,1.4,0.0,86.0,56.0,74.458336,98.75,24.821732,2.0991426,11.2224655,339.46616
20210501T0000,15.670529,7.4805284,10.045945,7.2,0.0,94.0,58.0,81.416664,90.083336,22.963936,0.8049845,11.91612,338.89157
20210502T0000,10.430529,5.8205285,8.759696,5.7000003,0.0,94.0,56.0,75.666664,77.5,19.48661,8.311245,12.553754,280.0208
20210503T0000,15.400529,2.9905286,9.647612,0.0,0.0,84.0,36.0,57.5,26.916666,11.119281,0.8049845,4.119337,185.7106
20210504T0000,18.170528,6.8905287,12.358445,1.2,0.0,77.0,39.0,54.625,63.966663,40.199284,7.754637,23.005972,247.1922
20210505T0000,11.330529,5.5205283,9.786363,2.8999999,0.0,83.0,42.0,60.416668,62.458332,31.559088,7.7043357,23.563377,265.54837
20210506T0000,13.910529,5.9505286,10.159696,6.7,0.0,85.0,54.0,66.416664,83.208336,37.1969,4.3349743,18.670477,248.45161
20210507T0000,13.880529,6.1305285,10.032613,1.9,0.0,89.0,39.0,64.25,60.354168,31.796375,7.208994,16.957033,277.56238
20210508T0000,20.740528,5.0905285,13.370528,0.0,0.0,80.0,38.0,56.791668,11.575001,12.261157,1.08,6.874897,135.33376
20210509T0000,27.530529,7.3805285,18.26386,0.0,0.0,95.0,27.0,57.666668,18.237501,22.180206,4.1046314,14.010106,135.55042
20210510T0000,17.860529,13.3005295,15.743862,0.1,0.0,93.0,58.0,71.25,97.01666,25.9225,6.193674,15.011234,337.75928
20210511T0000,16.920528,10.400529,12.29303,12.8,0.0,96.0,67.0,85.208336,97.25,19.959719,2.8116899,8.511387,246.56635
20210512T0000,16.510529,8.670529,12.419278,2.6000001,0.0,89.0,45.0,67.708336,57.666668,27.397867,2.4149535,15.448017,282.78836
20210513T0000,15.120529,8.520529,11.606362,1.2,0.0,75.0,48.0,63.541668,47.291668,30.018473,0.8049845,13.37345,268.8767
20210514T0000,15.040529,6.2805285,10.725112,0.70000005,0.0,76.0,49.0,66.5,50.375,19.469976,1.2979984,7.882981,251.07066
20210515T0000,15.280529,5.3605285,10.779279,1.0,0.0,82.0,47.0,67.041664,76.375,33.108257,2.5959969,13.735032,222.82025
20210516T0000,16.32053,7.8005285,12.121361,2.7000003,0.0,79.0,54.0,71.541664,83.041664,20.898611,2.1897945,11.390701,245.10098
20210517T0000,13.760529,8.380529,11.238861,0.70000005,0.0,81.0,58.0,69.625,85.541664,34.763775,16.09969,26.623297,254.3665
20210518T0000,14.980529,9.260529,11.610944,0.2,0.0,82.0,50.0,66.583336,59.0,25.509243,8.4042845,19.501028,268.81696
20210519T0000,12.720529,8.390529,10.399279,1.7,0.0,82.0,58.0,71.166664,89.125,22.81957,1.1384199,12.870723,264.12573
20210520T0000,16.79053,7.790529,12.044696,0.2,0.0,85.0,47.0,66.833336,76.833336,18.72,1.8,12.023784,257.90524
20210521T0000,19.06053,9.750529,13.260113,3.9,0.0,81.0,42.0,60.75,100.0,27.722336,8.557102,14.916942,240.20178
20210522T0000,16.87053,8.0505295,12.434278,0.3,0.0,79.0,41.0,61.791668,45.875,25.223133,13.70839,19.997244,256.1827
20210523T0000,17.04053,8.210529,12.331363,0.0,0.0,82.0,44.0,63.208332,52.762497,21.602999,5.8048253,12.993664,268.86877
20210524T0000,18.80053,7.8505287,12.958027,2.6,0.0,82.0,46.0,64.458336,81.9,22.668568,0.8049845,10.166049,249.09016
20210525T0000,15.940529,6.1305285,10.995946,0.1,0.0,78.0,36.0,59.25,22.820833,30.293522,13.493999,24.344711,258.36017
20210526T0000,17.79053,8.250529,13.199279,2.1,0.0,89.0,39.0,63.083332,82.333336,35.870163,5.634891,19.895126,260.43646
20210527T0000,17.860529,9.710529,13.476779,6.6000004,0.0,94.0,45.0,72.041664,62.583332,14.693999,0.35999998,7.2476716,305.35498
20210528T0000,20.610529,8.980529,14.984695,0.0,0.0,84.0,52.0,65.875,16.237501,20.880001,3.0758414,9.552165,9.605194
20210529T0000,20.79053,10.130529,15.94928,0.0,0.0,84.0,37.0,61.208332,41.958332,10.823973,0.71999997,5.8854814,74.215164
20210530T0000,21.32053,7.1805286,14.910529,0.0,0.0,82.0,31.0,55.083332,0.041666668,24.850431,0.5091169,14.172181,88.89238
20210531T0000,22.360529,6.1205287,14.81553,0.0,0.0,75.0,32.0,53.583332,0.0,14.759999,0.35999998,8.085296,96.06492
20210601T0000,25.000528,9.310529,17.990944,0.0,0.0,73.0,35.0,52.583332,0.0,12.979984,6.379216,9.963276,102.08831
20210602T0000,25.31053,13.480529,19.664278,0.3,0.0,72.0,39.0,56.375,22.162498,13.281023,1.8,7.506744,109.65382
20210603T0000,26.530529,15.860529,21.375528,0.5,0.0,75.0,44.0,57.5,28.466667,9.686609,1.08,5.407198,117.657425
20210604T0000,25.840528,17.590528,21.818861,1.0,0.0,89.0,46.0,59.625,61.483334,12.015589,2.7416782,6.010307,117.264694
20210605T0000,20.46053,15.820529,17.41053,4.0999994,0.0,91.0,60.0,79.625,96.208336,20.907913,1.8,12.273662,256.6589
20210606T0000,21.65053,14.410529,17.147614,1.5,0.0,91.0,61.0,80.833336,79.125,18.94024,10.041354,14.962008,313.33893
20210607T0000,21.12053,14.820529,17.732613,6.8,0.0,94.0,65.0,81.541664,88.145836,20.5484,2.52,12.082482,350.34167
20210608T0000,20.850529,14.640529,17.422611,5.999999,0.0,95.0,66.0,84.166664,80.666664,15.546833,0.5091169,7.1342225,342.68265
20210609T0000,23.56053,13.820529,18.605944,0.3,0.0,97.0,52.0,75.333336,57.612503,8.373386,1.4399999,4.917678,315.0
20210610T0000,25.29053,15.210529,20.438862,0.0,0.0,85.0,51.0,67.083336,7.245833,11.570515,2.9024127,6.7288346,15.189285
20210611T0000,26.440529,15.460529,21.45136,0.0,0.0,88.0,42.0,63.458332,3.5041666,9.0645685,0.0,4.094438,30.579224
20210612T0000,27.510529,17.670528,22.773859,0.0,0.0,74.0,41.0,58.125,12.470833,19.64228,0.8049845,8.446095,296.93268
20210613T0000,24.96053,14.730529,20.22928,0.0,0.0,87.0,45.0,64.375,14.166667,21.602999,2.0991426,10.53531,351.45154
20210614T0000,27.780529,10.820529,20.43178,0.0,0.0,77.0,36.0,58.5,0.0,10.853866,1.2979984,6.5066695,38.391525
20210615T0000,29.680529,16.660528,23.72303,0.0,0.0,88.0,33.0,57.208332,2.8374999,12.224107,0.5091169,6.7939734,357.605
20210616T0000,31.590528,19.100529,25.793028,0.0,0.0,69.0,31.0,49.0,9.141666,11.620809,1.8,5.4684825,115.932465
20210617T0000,32.27053,20.62053,26.87261,0.0,0.0,70.0,36.0,49.041668,19.220835,14.494192,1.609969,7.904899,107.15837
20210618T0000,32.62053,20.670528,26.830528,0.0,0.0,74.0,36.0,56.25,12.6875,16.75064,0.35999998,7.975429,213.69006
20210619T0000,32.470528,20.15053,26.940947,0.0,0.0,73.0,37.0,55.958332,10.179168,18.59845,3.5455887,9.731094,117.36722
20210620T0000,30.57053,19.750528,23.43303,22.1,0.0,90.0,40.0,69.0,69.92917,43.63283,2.968636,11.764839,108.72095
20210621T0000,27.98053,16.40053,22.411776,2.2,0.0,91.0,37.0,64.333336,39.041668,18.175545,1.0182338,4.6538205,163.10626
20210622T0000,22.610529,16.71053,19.931364,0.0,0.0,79.0,50.0,66.541664,46.583332,23.087763,1.484318,9.569068,279.99176
20210623T0000,24.45053,15.5505295,18.798027,5.7,0.0,95.0,52.0,78.833336,87.333336,13.276144,2.6208394,7.7620835,330.39313
20210624T0000,21.54053,15.390529,17.467196,1.3000001,0.0,96.0,58.0,80.333336,100.0,22.206486,3.9763298,10.672424,285.47864
20210625T0000,20.90053,14.310529,17.78553,0.0,0.0,85.0,56.0,68.708336,47.916668,14.417988,0.35999998,8.7018,261.66632
20210626T0000,25.990528,11.790529,19.739697,0.0,0.0,93.0,35.0,62.5,19.495832,15.844089,4.8433046,8.335124,101.98602
20210627T0000,29.250528,14.980529,23.555113,0.0,0.0,83.0,39.0,57.125,56.733334,18.792551,1.8,10.354054,104.3172
20210628T0000,29.860529,18.740528,24.235533,3.3999999,0.0,90.0,45.0,60.125,43.2,21.924562,3.671294,10.451279,347.5926
20210629T0000,22.350529,15.710529,18.51011,6.0999994,0.0,95.0,64.0,78.125,68.166664,25.210283,1.609969,12.457459,286.72003
20210630T0000,18.70053,11.250529,15.582611,1.9000001,0.0,89.0,59.0,73.75,75.541664,26.200977,9.339208,16.269262,260.78452
20210701T0000,20.250528,13.470529,17.094278,0.2,0.0,85.0,55.0,70.5,68.0,20.907913,1.835647,13.252458,268.9696
20210702T0000,24.37053,12.930529,19.735529,0.0,0.0,80.0,39.0,57.916668,15.7625,11.298495,0.71999997,5.12015,276.3402
20210703T0000,26.830528,14.320529,20.662199,1.9000001,0.0,84.0,43.0,64.541664,70.11667,17.114204,2.8116899,9.981287,152.31332
20210704T0000,20.62053,15.120529,17.977613,1.6000001,0.0,87.0,67.0,78.333336,69.254166,15.379206,1.8,8.579779,253.50453
20210705T0000,24.31053,13.370529,19.018028,0.70000005,0.0,84.0,54.0,70.916664,61.704166,12.074766,2.968636,7.240078,227.15001
20210706T0000,26.850529,14.230529,17.813028,8.7,0.0,96.0,52.0,78.416664,52.6875,27.345785,2.5455842,13.954014,135.78915
20210707T0000,24.64053,14.320529,18.70678,3.8,0.0,95.0,53.0,76.333336,72.5,15.496736,2.4149535,8.743159,111.37982
20210708T0000,20.530529,15.700529,18.143028,9.000001,0.0,89.0,66.0,81.125,83.125,18.584509,8.0899935,12.770516,305.228
20210709T0000,22.22053,14.530529,18.30678,0.0,0.0,90.0,54.0,71.416664,47.058334,18.228943,4.5820518,11.4245825,291.59695
20210710T0000,26.46053,13.940529,20.479698,1.1,0.0,87.0,42.0,64.166664,24.758333,23.664352,0.8049845,7.5537434,140.83948
20210711T0000,23.96053,13.530529,18.840528,8.800001,0.0,93.0,48.0,69.75,30.416666,26.282463,3.0547013,8.360994,291.71765
20210712T0000,28.930529,15.140529,21.815115,0.3,0.0,80.0,40.0,64.458336,68.458336,20.833395,5.0911684,12.811519,81.80193
20210713T0000,19.97053,13.940529,17.042194,13.8,0.0,94.0,65.0,80.541664,87.958336,26.072052,4.6938252,13.991222,262.01288
20210714T0000,19.64053,12.080529,15.908446,3.3000002,0.0,88.0,63.0,75.916664,55.533337,24.248613,3.319036,14.518135,242.89348
20210715T0000,17.930529,15.280529,16.382612,15.0,0.0,94.0,81.0,86.458336,100.0,35.377213,7.7879906,23.383835,261.41568
20210716T0000,19.56053,14.810529,17.165943,1.3000001,0.0,95.0,72.0,84.083336,76.333336,14.88242,3.0758414,9.857458,323.93884
20210717T0000,24.020529,14.160529,18.91928,0.0,0.0,95.0,62.0,81.541664,60.541668,12.783802,2.0364676,7.1201344,337.39404
20210718T0000,27.330528,15.390529,21.356781,0.1,0.0,95.0,42.0,71.666664,38.0,17.771753,3.8268526,10.913098,3.1130066
20210719T0000,27.22053,14.900529,21.111776,0.0,0.0,94.0,53.0,72.666664,7.75,22.751316,0.35999998,9.422869,0.85350037
20210720T0000,26.090528,14.450529,20.47053,0.0,0.0,97.0,48.0,70.625,13.125,19.803272,1.609969,9.22436,348.2484
20210721T0000,26.89053,15.480529,21.096363,0.0,0.0,80.0,48.0,66.208336,3.6458333,15.876775,2.8799999,8.198618,337.38013
20210722T0000,27.030529,16.29053,21.678864,0.0,0.0,83.0,46.0,65.541664,1.6666666,11.384199,0.35999998,6.344727,334.50912
20210723T0000,29.39053,16.96053,23.41053,0.0,0.0,81.0,41.0,61.375,16.133333,13.979871,0.35999998,7.1572347,91.605995
20210724T0000,29.530529,20.29053,23.336782,4.6,0.0,80.0,47.0,65.583336,71.433334,25.071098,1.08,10.37807,75.963776
20210725T0000,22.860529,18.850529,20.897196,1.4000001,0.0,90.0,62.0,74.666664,61.7375,7.0911775,0.5091169,3.190341,202.61984
20210726T0000,22.410528,17.660528,20.11136,0.2,0.0,82.0,60.0,71.041664,75.333336,7.289444,1.484318,3.5590398,258.69006
20210727T0000,25.010529,15.620529,20.340528,0.8,0.0,86.0,52.0,70.958336,67.76667,10.703569,2.2768397,6.402281,90.48146
20210728T0000,24.21053,16.690529,20.452612,1.0,0.0,97.0,52.0,73.791664,47.083332,13.339445,0.0,6.3262386,236.46954
20210729T0000,25.30053,16.240528,21.242195,0.0,0.0,79.0,47.0,62.625,12.791667,14.168641,0.35999998,6.520986,290.51932
20210730T0000,28.05053,15.390529,22.248444,1.2,0.0,87.0,48.0,67.333336,22.262499,20.880001,0.35999998,9.976502,231.15184
20210731T0000,24.54053,18.13053,21.107615,0.3,0.0,76.0,42.0,59.416668,60.658337,12.074766,6.0347,9.09634,268.63358
20210801T0000,18.38053,13.230529,15.786778,13.100001,0.0,90.0,65.0,79.041664,87.541664,21.734581,5.315336,12.729264,273.65222
20210802T0000,21.70053,12.510529,17.271364,0.0,0.0,85.0,51.0,66.833336,53.5,15.379206,3.096837,7.672228,249.6019
20210803T0000,21.12053,13.340529,16.48178,2.4,0.0,91.0,51.0,73.208336,74.64167,14.458382,1.4399999,6.87629,202.54846
20210804T0000,19.95053,13.0505295,16.33928,3.0,0.0,95.0,68.0,84.125,100.0,12.57426,2.1897945,7.6161103,107.13721
20210805T0000,20.340528,14.900529,17.688866,3.4999998,0.0,92.0,65.0,79.041664,66.40833,17.654688,2.6208394,10.7956505,266.5207
20210806T0000,23.45053,14.770529,19.149279,0.1,0.0,85.0,47.0,65.041664,59.308334,24.84,2.9024127,16.009039,257.38177
20210807T0000,23.780529,15.110529,17.947197,49.199997,0.0,95.0,53.0,77.875,88.5,20.3774,1.2979984,9.719269,136.03743
20210808T0000,20.830528,12.950529,17.056362,0.0,0.0,87.0,49.0,67.875,26.2875,19.602652,0.0,11.969215,260.19586
20210809T0000,24.31053,12.830529,19.116364,0.0,0.0,80.0,45.0,61.541668,57.745834,11.298495,0.35999998,6.2385764,137.2026
20210810T0000,27.740528,16.250528,22.238861,0.0,0.0,81.0,38.0,59.083332,10.291667,9.227524,1.4399999,6.017965,265.33313
20210811T0000,29.020529,17.71053,23.80345,0.0,0.0,84.0,40.0,60.583332,2.7416668,9.904906,2.8799999,5.4841614,125.75388
20210812T0000,32.000526,18.07053,25.270113,0.0,0.0,83.0,37.0,62.0,1.0166667,13.009903,0.8049845,6.8751163,105.712555
20210813T0000,32.67053,20.06053,26.557196,0.0,0.0,79.0,44.0,62.541668,19.470835,16.039202,0.8049845,7.594399,261.11935
20210814T0000,31.07053,20.90053,26.292196,0.0,0.0,80.0,45.0,64.166664,3.75,8.557102,1.08,4.1503916,318.8141
20210815T0000,31.38053,19.600529,25.427612,0.0,0.0,92.0,43.0,68.625,1.6666666,24.884306,3.2399998,9.050548,284.77457
20210816T0000,22.14053,17.600529,19.879698,0.0,0.0,80.0,50.0,61.375,39.125,30.903435,7.5685663,19.961164,264.25134
20210817T0000,22.110529,13.240529,17.491781,0.2,0.0,82.0,39.0,56.708332,49.94583,19.813087,0.5091169,9.27629,299.45148
20210818T0000,22.190529,15.460529,18.344696,0.0,0.0,78.0,54.0,64.583336,48.583332,20.073025,4.6102495,10.589574,274.97803
20210819T0000,24.280529,12.790529,18.974695,0.0,0.0,86.0,47.0,66.416664,3.75,8.759178,1.1384199,5.443769,272.60257
20210820T0000,25.31053,15.960529,20.858444,0.0,0.0,82.0,42.0,62.333332,0.8208334,7.5599995,1.5273507,3.783124,23.749481
20210821T0000,29.350529,14.950529,22.751778,0.0,0.0,86.0,37.0,62.125,6.4375,12.413476,0.8049845,5.33277,125.25141
20210822T0000,23.420528,16.440529,20.398443,2.1000001,0.0,81.0,63.0,70.125,84.791664,22.782625,1.2979984,11.574665,275.0772
20210823T0000,21.71053,12.940529,17.332613,0.0,0.0,84.0,53.0,69.166664,21.5,15.745627,1.4399999,9.363647,307.95422
20210824T0000,24.090528,12.010529,17.744696,0.0,0.0,92.0,44.0,68.25,22.791666,23.576563,1.4399999,11.456517,80.2859
20210825T0000,24.15053,10.540529,17.130112,0.0,0.0,94.0,44.0,69.125,28.958334,12.245294,3.4152596,6.3044777,16.837463
20210826T0000,22.45053,13.920529,17.12803,1.0,0.0,84.0,45.0,68.791664,35.208332,25.862436,0.35999998,8.938507,302.26477
20210827T0000,19.500528,11.450529,15.485528,0.0,0.0,85.0,49.0,66.666664,31.375,19.201874,2.9024127,9.948165,348.57977
20210828T0000,18.45053,12.250529,15.28553,0.0,0.0,80.0,57.0,68.541664,57.254166,19.296133,0.35999998,10.466188,344.1879
20210829T0000,19.160528,11.910529,15.422196,0.5,0.0,88.0,59.0,75.083336,78.625,14.512064,0.0,7.6882954,323.521
20210830T0000,19.89053,13.000529,16.230532,0.0,0.0,95.0,61.0,76.041664,77.625,17.771753,2.1897945,9.551309,344.41205
20210831T0000,20.510529,13.670529,16.833029,0.1,0.0,88.0,54.0,71.041664,59.129166,10.948973,1.9386592,4.9381485,19.304474
20210901T0000,24.14053,9.900529,16.878862,0.0,0.0,85.0,36.0,62.25,0.5833333,18.72,2.1897945,9.912619,98.526146
20210902T0000,25.330528,10.100529,17.74553,0.0,0.0,81.0,45.0,63.625,0.0,11.183201,5.0911684,8.372268,105.60015
20210903T0000,26.760529,12.990529,19.951778,0.0,0.0,84.0,38.0,61.541668,0.41666666,10.514218,0.8049845,5.9274383,76.63603
20210904T0000,26.40053,16.21053,21.56053,0.0,0.0,76.0,41.0,57.583332,2.0833333,6.5693827,0.35999998,4.5649376,103.03115
20210905T0000,26.660528,16.04053,21.739698,0.0,0.0,76.0,40.0,57.25,5.5416665,8.759178,3.5455887,6.212233,98.94538
20210906T0000,27.13053,15.790529,21.575945,0.0,0.0,80.0,41.0,59.375,1.4166666,10.538843,4.6102495,6.876182,101.2008
20210907T0000,27.21053,16.160528,21.512611,0.0,0.0,71.0,36.0,55.833332,12.062499,13.722565,7.42159,10.928902,107.23347
20210908T0000,28.37053,14.8005295,21.259277,0.0,0.0,73.0,39.0,58.708332,5.6666665,16.595179,9.007196,12.048169,109.15781
20210909T0000,27.48053,18.56053,22.711363,0.8,0.0,71.0,37.0,53.666668,65.333336,10.483357,0.35999998,5.811498,166.64662
20210910T0000,23.31053,16.82053,19.968859,3.8,0.0,86.0,55.0,71.541664,77.03333,11.090103,1.484318,6.6578717,196.0203
20210911T0000,22.760529,16.660528,19.498863,0.0,0.0,89.0,54.0,71.541664,54.208332,7.968939,1.9386592,5.0724473,241.37112
20210912T0000,24.96053,14.650529,19.740114,0.0,0.0,86.0,46.0,66.291664,1.7791667,9.114471,3.0758414,5.19006,106.11341
20210913T0000,26.71053,15.570529,20.960947,0.0,0.0,87.0,41.0,64.875,9.1916685,9.36,0.5091169,4.450784,105.002716
20210914T0000,27.660528,16.21053,21.620943,0.1,0.0,77.0,47.0,64.666664,60.55,11.753877,0.35999998,7.3398976,131.98721
20210915T0000,23.930529,18.54053,20.76553,6.0000005,0.0,90.0,60.0,77.0,87.158325,15.349684,1.08,8.757812,160.69131
20210916T0000,20.96053,16.98053,18.98303,7.2,0.0,93.0,63.0,79.166664,73.13333,13.684735,3.396233,8.638701,288.2616
20210917T0000,22.37053,12.920529,17.691778,0.0,0.0,96.0,49.0,71.791664,16.083334,11.620809,0.8049845,5.7047634,85.55589
20210918T0000,23.14053,11.740529,17.548027,0.0,0.0,89.0,46.0,67.125,1.6124998,12.24,1.08,7.0948834,101.48591
20210919T0000,15.310529,12.010529,13.832195,14.699999,0.0,90.0,71.0,78.5,75.333336,19.995398,3.6,10.592891,233.105
20210920T0000,18.330528,12.980529,15.286362,0.1,0.0,87.0,60.0,75.75,62.99584,8.759178,0.71999997,4.6099052,8.275894
20210921T0000,19.830528,10.850529,14.914697,0.0,0.0,93.0,57.0,73.083336,19.25,15.496736,0.71999997,6.1118207,10.246658
20210922T0000,20.79053,8.430529,14.2917795,0.0,0.0,80.0,37.0,62.625,28.216667,17.654688,0.35999998,6.978258,100.75487
20210923T0000,22.830528,8.960529,15.273026,0.0,0.0,81.0,37.0,62.833332,0.46250007,12.245294,2.0991426,7.187509,198.20848
20210924T0000,24.170528,11.760529,17.680946,0.0,0.0,91.0,39.0,63.208332,0.1,7.5599995,0.71999997,4.046732,160.4892
20210925T0000,26.740528,11.820529,19.910948,0.0,0.0,85.0,40.0,62.0,33.212498,12.24,4.1046314,7.683806,106.86559
20210926T0000,20.22053,15.980529,17.983446,10.7,0.0,93.0,53.0,77.416664,59.1875,9.028754,1.8,5.9792438,134.08578
20210927T0000,23.100529,13.160529,17.983028,0.0,0.0,98.0,52.0,74.0,50.216663,10.30883,0.35999998,5.1953135,144.0085
20210928T0000,20.23053,11.420529,16.367613,0.1,0.0,82.0,49.0,63.375,100.0,17.873556,3.096837,8.980378,327.8244
20210929T0000,19.010529,11.000529,15.338447,0.6,0.0,75.0,48.0,63.458332,55.0,28.521906,3.671294,15.212582,265.18768
20210930T0000,17.46053,8.390529,12.478862,0.0,0.0,77.0,33.0,56.75,11.500001,7.8954163,0.5091169,3.602939,146.63364
20211001T0000,22.22053,6.5605288,14.756779,0.0,0.0,76.0,44.0,58.166668,19.8875,9.511088,2.4149535,6.7128854,110.92911
20211002T0000,23.96053,12.570529,17.770529,0.0,0.0,85.0,37.0,64.5,41.62083,24.18707,1.4399999,10.370354,163.33913
20211003T0000,20.29053,13.740529,16.48386,1.5000001,0.0,90.0,44.0,66.416664,95.987495,17.238699,5.154415,12.510559,120.43878
20211004T0000,15.080529,10.640529,13.054695,6.699999,0.0,95.0,63.0,82.625,100.0,14.512064,5.8048253,9.945245,323.43436
20211005T0000,17.63053,9.900529,12.96553,17.2,0.0,96.0,55.0,81.625,76.262505,24.850431,0.5091169,7.2457757,251.26508
20211006T0000,14.000529,8.580529,11.610114,0.2,0.0,83.0,55.0,69.666664,51.458332,23.40277,11.503113,16.484596,261.49005
20211007T0000,15.470529,9.480529,11.913445,0.4,0.0,89.0,59.0,74.291664,83.333336,13.450708,2.52,6.9742475,358.2643
20211008T0000,19.15053,6.5205283,11.440529,0.0,0.0,94.0,45.0,74.541664,36.541668,23.400002,3.8268526,9.596007,64.87604
20211009T0000,16.90053,5.6505284,9.766362,0.0,0.0,94.0,46.0,76.083336,38.5,13.722565,1.2979984,5.4333267,9.260208
20211010T0000,15.340529,3.7205286,9.463862,0.0,0.0,77.0,45.0,61.875,1.1833333,7.5170207,1.1384199,4.427846,80.5377
20211011T0000,15.670529,4.8605285,9.863862,0.0,0.0,80.0,36.0,62.125,12.429168,17.298738,1.9386592,8.395424,25.649216
20211012T0000,13.440529,7.5605288,10.578029,0.0,0.0,89.0,57.0,71.291664,79.558334,14.986553,2.52,7.8688045,311.66708
20211013T0000,13.360529,5.8705287,9.374696,0.6,0.0,94.0,47.0,75.0,73.88333,18.584509,1.609969,10.195558,336.72318
20211014T0000,15.070529,3.9305286,9.433446,0.0,0.0,87.0,42.0,63.75,2.0791667,7.5942073,2.0991426,4.8157563,106.92751
20211015T0000,17.70053,6.2205286,11.469696,0.0,0.0,65.0,41.0,52.041668,32.583332,10.315115,2.0991426,5.99927,260.04938
20211016T0000,15.940529,6.6305285,11.031362,0.0,0.0,94.0,51.0,71.875,19.4375,10.24578,0.8049845,4.8280807,311.7344
20211017T0000,16.860529,6.7505283,11.755112,0.0,0.0,91.0,48.0,69.041664,5.195833,5.5887027,1.8,3.8956692,131.4677
20211018T0000,19.360529,9.0505295,13.678028,0.0,0.0,78.0,37.0,58.875,31.658333,8.766573,2.3051248,5.137037,113.008865
20211019T0000,20.15053,10.330529,14.8021965,0.0,0.0,63.0,45.0,54.333332,58.204166,9.793058,3.6179552,6.430153,112.26059
20211020T0000,24.090528,9.820529,16.229696,0.0,0.0,73.0,43.0,54.791668,33.9625,36.161636,2.3051248,13.647252,211.20815
20211021T0000,17.680529,11.840529,14.667613,1.1,0.0,76.0,44.0,57.208332,48.3,44.360413,9.83268,28.392889,248.7366
20211022T0000,14.000529,6.5005283,9.710945,0.2,0.0,86.0,36.0,63.791668,39.583332,17.555305,2.9024127,11.315601,295.03656
20211023T0000,13.860529,4.1405287,8.543446,0.0,0.0,75.0,50.0,62.583332,10.708333,10.966713,2.2768397,6.7510047,100.15427
20211024T0000,16.55053,1.5705286,8.856362,0.0,0.0,83.0,44.0,67.625,0.025,15.941944,5.8048253,10.109496,111.55607
20211025T0000,18.190529,7.3005285,12.111778,0.0,0.0,76.0,44.0,63.125,14.845833,11.966954,1.835647,6.751963,142.12502
20211026T0000,16.250528,11.470529,13.419282,0.2,0.0,84.0,55.0,70.416664,52.875,13.324863,3.319036,7.584275,254.33185
20211027T0000,15.740529,6.6705284,11.399278,0.0,0.0,97.0,58.0,75.083336,3.4416668,13.0447235,0.8049845,6.230749,111.34338
20211028T0000,17.930529,5.6805286,11.287196,0.0,0.0,81.0,40.0,64.458336,0.0625,10.931203,2.8799999,7.661663,115.9366
20211029T0000,19.020529,6.0705285,12.123445,0.0,0.0,69.0,40.0,54.25,15.245834,12.074766,6.638072,9.787911,115.82631
20211030T0000,14.810529,6.1505284,10.388446,1.0,0.0,70.0,49.0,59.583332,62.291668,24.881702,8.669949,16.780558,122.53056
20211031T0000,20.490528,10.5505295,14.143864,7.5,0.0,94.0,46.0,70.125,82.387505,19.130875,9.220499,12.984689,125.946304
20211101T0000,16.54053,8.210529,12.217196,10.1,0.0,93.0,62.0,76.541664,88.666664,16.24394,1.4399999,10.867668,270.17795
20211102T0000,11.770529,5.9005284,8.865946,0.5,0.0,87.0,57.0,74.25,51.8875,24.503809,2.9024127,11.786723,235.37971
20211103T0000,11.530529,5.8305287,7.9438615,2.0,0.0,92.0,63.0,80.416664,100.0,19.255793,3.319036,10.736054,134.31444
20211104T0000,8.910529,5.3005285,6.9021964,2.3,0.0,86.0,65.0,75.791664,99.375,28.162956,10.163227,19.611185,258.61176
20211105T0000,10.700529,5.5205283,7.787195,0.3,0.0,86.0,58.0,74.875,89.416664,13.891522,2.0991426,9.152595,287.6172
20211106T0000,10.630529,5.290529,7.337195,0.0,0.0,88.0,58.0,73.416664,58.333332,11.165805,0.5091169,4.7212605,337.82504
20211107T0000,11.450529,2.1505284,6.962612,0.1,0.0,88.0,51.0,72.958336,46.087498,19.602652,2.5959969,9.818378,257.88123
20211108T0000,11.830529,3.6705287,6.8863626,0.0,0.0,95.0,44.0,77.25,47.274998,11.923557,0.5091169,5.9313293,27.53424
20211109T0000,9.5505295,0.73052865,4.474279,0.0,0.0,93.0,60.0,78.208336,31.341667,10.1887,0.0,3.4445713,33.89615
20211110T0000,11.900529,1.8705287,6.8167787,0.0,0.0,85.0,56.0,69.791664,56.520832,12.979984,1.08,5.190188,93.96792
20211111T0000,12.940529,3.3205285,7.8446956,0.0,0.0,94.0,56.0,72.833336,0.97499996,8.39657,0.0,3.9311535,313.62518
20211112T0000,13.100529,3.0105286,7.9867783,0.0,0.0,93.0,63.0,76.625,1.2875,8.12197,0.71999997,3.604539,88.21008
20211113T0000,13.180529,6.7805285,9.280528,0.2,0.0,85.0,57.0,74.125,46.754166,20.163212,4.198285,9.893753,233.35808
20211114T0000,12.370529,6.1705284,9.562613,2.5999997,0.0,93.0,64.0,83.333336,79.625,11.503113,2.3051248,6.9816165,338.90207
20211115T0000,9.270529,4.540529,5.850529,0.0,0.0,96.0,68.0,87.625,58.23749,11.440978,1.1384199,5.669333,310.9337
20211116T0000,8.270529,2.9705286,5.2771955,0.0,0.0,96.0,75.0,85.625,49.583332,8.0899935,0.5091169,4.27176,324.17474
20211117T0000,8.770529,3.5305285,5.6726117,0.0,0.0,85.0,58.0,74.75,66.958336,14.404499,7.2359104,10.065842,271.22446
20211118T0000,10.290529,2.9105287,6.168445,0.0,0.0,86.0,59.0,73.833336,28.920837,9.6932955,3.396233,5.7701225,214.7432
20211119T0000,10.830529,2.9005284,6.6605287,0.0,0.0,92.0,57.0,75.166664,0.50000006,7.42159,1.4399999,4.058467,276.3402
20211120T0000,12.3005295,2.7705286,6.6292796,0.0,0.0,98.0,53.0,78.791664,15.516666,12.24,0.8049845,4.638018,93.544754
20211121T0000,10.660529,4.4505286,6.781363,0.0,0.0,80.0,59.0,71.958336,23.191666,13.627795,2.7416782,6.7073345,252.75854
20211122T0000,10.410529,4.6205287,6.6134458,1.0,0.0,94.0,54.0,77.666664,91.041664,25.922499,1.8,10.664357,45.13806
20211123T0000,9.180529,-1.8494713,2.700945,0.0,0.0,94.0,43.0,73.416664,30.375,23.319553,3.0547013,10.198443,32.769882
20211124T0000,7.4605284,-2.3694715,1.3580285,0.0,0.0,89.0,56.0,75.75,3.0833333,20.523157,1.08,9.072963,103.94408
20211125T0000,6.5005283,-1.0794713,2.2005286,0.0,0.0,93.0,57.0,74.583336,43.795834,17.566378,1.835647,10.125182,327.71707
20211126T0000,5.9505286,0.84052867,3.127612,0.2,0.14,85.0,59.0,71.5,98.208336,32.33794,5.692099,18.12808,268.02692
20211127T0000,6.0705285,2.0005286,3.8480284,1.7,0.63,84.0,61.0,71.333336,74.083336,63.024677,1.8,30.032364,238.4085
20211128T0000,4.4705286,-0.22947133,2.0501122,0.2,0.14,89.0,65.0,76.166664,73.458336,22.682856,4.3498964,10.142417,277.0695
20211129T0000,4.5905285,-0.019471344,1.9684452,0.4,0.21000001,94.0,49.0,76.5,82.25,33.603645,7.10031,17.986334,292.52408
20211130T0000,5.7505283,0.06052866,3.2667782,0.1,0.07,87.0,61.0,73.583336,85.333336,56.032932,26.729847,35.958614,253.47345
20211201T0000,11.230529,5.9705286,7.952612,0.5,0.0,81.0,57.0,69.166664,89.5,37.51262,23.313995,28.58967,244.9538
20211202T0000,6.5905285,0.21052867,3.9326115,3.2,0.77,90.0,67.0,81.208336,87.916664,25.932495,13.896187,19.204203,280.37924
20211203T0000,4.9305286,-1.5194713,1.4380287,0.0,0.0,91.0,38.0,71.25,31.9,23.499481,5.2416787,14.971927,258.0843
20211204T0000,11.350529,2.1305285,6.935946,3.9000003,0.0,83.0,32.0,72.75,92.5,46.568195,9.585739,33.26691,242.25679
20211205T0000,6.8305287,1.1205287,3.4359453,2.0,0.56,90.0,56.0,78.875,54.458332,24.881702,2.7416782,15.480277,248.37097
20211206T0000,4.9905286,1.0005287,2.7334452,0.0,0.0,95.0,67.0,82.833336,64.416664,11.966954,2.3051248,7.0735946,261.8478
20211207T0000,7.9905286,2.1005285,4.223862,0.70000005,0.0,89.0,53.0,74.291664,74.44583,38.941616,10.195057,21.458124,243.15614
20211208T0000,7.1105285,3.2405286,4.8834457,5.2000003,0.0,88.0,46.0,80.375,100.0,29.784426,1.0182338,11.82866,200.24196
20211209T0000,5.7605286,0.6305287,3.300945,0.3,0.0,91.0,65.0,78.958336,68.25,29.834423,4.6800003,18.997675,264.47858
20211210T0000,5.5805287,-0.069471344,2.2209451,5.5,2.8,94.0,60.0,81.916664,69.708336,61.048393,10.308831,35.30585,246.9718
20211211T0000,4.9505286,0.65052867,2.5051117,0.90000004,0.63,94.0,75.0,86.916664,70.041664,62.096615,12.979984,30.513039,273.2301
20211212T0000,6.3105288,-0.7494713,2.7892787,0.0,0.0,92.0,60.0,75.208336,59.625,13.53236,1.8,7.3253045,135.97653
20211213T0000,7.4605284,2.4905286,4.733029,0.0,0.0,97.0,59.0,77.583336,19.579166,11.659777,4.5536795,7.533959,110.17289
20211214T0000,8.470529,0.5805287,4.5076118,0.0,0.0,96.0,69.0,83.083336,63.583332,15.876775,0.5091169,7.1160455,118.96561
20211215T0000,6.8305287,2.4505286,4.234695,0.0,0.0,97.0,71.0,87.5,38.8125,8.373386,1.1384199,3.540342,243.43495
20211216T0000,6.5305285,1.9105287,3.6992788,0.0,0.0,92.0,66.0,81.416664,53.375,19.917469,1.484318,8.646473,93.49706
20211217T0000,2.8805285,-0.33947134,1.0496954,0.0,0.0,97.0,82.0,90.791664,52.5,7.342588,0.0,3.8898885,312.34262
20211218T0000,5.7805285,-0.9894713,0.9605288,0.0,0.0,97.0,75.0,90.583336,68.541664,9.511088,2.16,4.8653855,298.3147
20211219T0000,3.6905286,-0.5394713,1.106362,0.0,0.0,95.0,70.0,83.458336,17.416666,18.947083,0.8049845,8.539117,105.997025
20211220T0000,5.3305287,-1.0994713,0.92636204,0.0,0.0,95.0,64.0,81.75,46.616665,22.366402,2.0364676,9.347939,83.84483
20211221T0000,2.7405286,-5.3094716,-1.3882214,0.0,0.0,88.0,61.0,71.75,0.1875,10.446206,2.5959969,6.065168,75.2954
20211222T0000,3.2405286,-2.9294715,-1.0848881,0.0,0.0,83.0,55.0,74.208336,0.375,19.486609,8.557102,13.309672,110.5332
20211223T0000,7.6205287,-2.5194714,2.7571952,0.0,0.0,87.0,64.0,71.958336,65.604164,9.605998,4.3349743,7.6065273,111.63089
20211224T0000,11.930529,4.0505285,7.366778,1.0,0.0,90.0,71.0,79.583336,70.362495,17.026896,2.3051248,7.881208,201.3929
20211225T0000,10.920529,6.9205284,8.414696,0.1,0.0,97.0,74.0,84.791664,93.958336,10.00256,1.8,5.6836743,146.92932
20211226T0000,9.320529,3.6105285,6.6771946,9.9,0.0,97.0,84.0,91.666664,99.625,11.720751,0.0,5.0839863,299.31
20211227T0000,11.740529,2.1105285,7.173445,2.3999999,0.0,95.0,57.0,81.166664,72.004166,29.830078,7.24486,14.821313,203.93655
20211228T0000,12.590529,6.5805287,9.563862,0.70000005,0.0,81.0,68.0,74.541664,74.666664,42.3792,9.107359,24.552483,239.5196
20211229T0000,13.290529,7.2805285,9.178863,2.6,0.0,91.0,71.0,80.416664,86.69583,32.219494,1.08,20.760735,255.37543
20211230T0000,15.260529,11.560529,12.743031,0.0,0.0,90.0,76.0,84.583336,88.22083,28.442278,3.396233,15.686912,266.76764
20211231T0000,13.740529,5.9905286,10.232196,0.0,0.0,96.0,61.0,82.333336,12.041667,9.983106,1.1384199,6.0452747,135.98776
20220101T0000,13.560529,5.8405285,8.966779,0.0,0.0,87.0,56.0,69.791664,0.6875,11.841756,5.8048253,8.968233,114.49289
20220102T0000,16.270529,6.3905287,10.225529,0.0,0.0,73.0,44.0,61.791668,41.649998,17.31746,4.0249224,9.748995,175.36453
20220103T0000,13.220529,9.530529,11.358863,0.0,0.0,75.0,57.0,66.958336,59.166668,29.17777,14.003028,22.370926,253.86253
20220104T0000,16.89053,6.5805287,11.723447,6.3,0.0,89.0,51.0,70.125,96.25,39.777966,9.0,22.509567,247.96683
20220105T0000,6.790529,1.3005286,3.818862,0.7,0.49,87.0,54.0,72.0,58.916668,25.161398,14.345898,21.430475,272.81555
20220106T0000,4.3305287,0.8905287,2.155112,0.70000005,0.49,90.0,70.0,81.041664,61.958332,26.525429,2.0991426,15.661435,283.88736
20220107T0000,4.0705285,-0.7494713,1.5134453,1.3000001,0.63,85.0,58.0,78.75,64.70417,29.620802,0.5091169,15.139409,244.94308
20220108T0000,6.9605284,0.030528657,3.6530287,1.3000001,0.0,90.0,47.0,72.916664,84.041664,51.82625,13.854155,31.510086,246.36728
20220109T0000,6.4205284,1.7205287,3.9271948,6.999999,2.38,93.0,69.0,81.0,93.083336,63.93219,7.289444,30.456102,259.38034
20220110T0000,4.8205285,-0.59947133,1.8805286,0.8,0.56,95.0,67.0,85.791664,61.458332,16.595179,3.4152596,8.815161,348.17252
20220111T0000,4.8605285,-2.1494715,0.24052866,0.0,0.0,89.0,60.0,79.333336,9.291667,17.414474,0.8049845,6.599771,50.079605
20220112T0000,3.2905285,-4.5394716,-1.3882216,0.0,0.0,92.0,57.0,75.958336,3.3875,10.24578,1.609969,4.5934215,22.29567
20220113T0000,3.7305286,-3.7494714,-0.5048883,0.0,0.0,87.0,62.0,75.041664,0.0,6.162207,1.4399999,3.49735,5.834793
20220114T0000,6.9005284,-1.2594713,1.8821954,0.0,0.0,93.0,59.0,77.25,0.0,7.342588,0.35999998,3.6126537,91.86478
20220115T0000,7.5805287,-0.20947134,2.4355285,0.0,0.0,93.0,65.0,83.125,0.75,17.462782,2.2768397,7.9341073,104.620865
20220116T0000,5.5305285,0.45052865,2.8663616,0.0,0.0,86.0,48.0,65.25,25.0,19.201874,2.968636,9.128808,252.36201
20220117T0000,6.8405285,2.8805285,4.4292793,0.0,0.0,88.0,68.0,79.708336,54.208332,15.745627,3.8268526,11.286702,268.72165
20220118T0000,6.8005285,0.30052868,2.8388622,0.0,0.0,95.0,61.0,81.541664,36.416668,19.483284,2.3051248,8.7190895,94.63262
20220119T0000,7.3505287,-1.0094713,2.262612,0.0,0.0,92.0,63.0,80.5,37.291668,20.774214,5.3999996,12.86311,232.31902
20220120T0000,4.8505287,-0.25947133,2.425945,1.6000001,1.05,92.0,64.0,80.75,68.875,22.608458,5.3517847,16.246656,294.9068
20220121T0000,5.9505286,-2.4894714,0.2967787,0.0,0.0,92.0,52.0,77.291664,23.875,9.0645685,0.35999998,4.89063,20.095215
20220122T0000,4.8105288,-0.42947134,1.8713621,0.0,0.0,85.0,67.0,75.875,46.791668,19.813087,1.08,7.546349,260.3075
20220123T0000,6.1905284,-0.5394713,2.2426121,0.0,0.0,93.0,64.0,81.666664,4.0833335,22.065973,2.4149535,8.9352045,92.857315
20220124T0000,6.8605285,-0.65947133,2.0126119,0.0,0.0,91.0,59.0,77.916664,0.375,18.692286,7.24486,12.627937,110.04787
20220125T0000,6.9305286,-0.5394713,3.161362,0.0,0.0,92.0,51.0,68.25,0.0,8.049845,1.1384199,5.324011,128.80817
20220126T0000,7.5705285,0.47052866,3.5534456,0.0,0.0,84.0,53.0,69.833336,0.29583332,10.829958,1.4399999,5.886032,223.59302
20220127T0000,5.9005284,1.2605287,2.973862,1.3000001,0.0,77.0,52.0,65.875,16.566668,21.322214,0.35999998,9.131573,253.52957
20220128T0000,7.4805284,2.0305285,3.775945,0.1,0.0,90.0,54.0,78.375,51.420837,19.296133,6.696387,13.395821,271.45023
20220129T0000,8.460529,0.46052867,4.5476117,0.0,0.0,84.0,57.0,71.083336,52.520832,29.215502,2.16,14.475368,255.4965
20220130T0000,8.130529,2.6205285,6.405945,0.3,0.0,90.0,60.0,77.0,66.083336,25.346148,0.71999997,13.009713,282.2065
20220131T0000,5.3605285,1.6905286,3.2538614,0.6,0.21000001,88.0,68.0,77.875,89.25,45.685966,1.9386592,29.533293,275.68604
20220201T0000,5.8505287,0.6905287,2.9992783,0.6,0.42000002,91.0,58.0,75.5,95.875,41.8855,20.898611,31.049292,269.68457
20220202T0000,9.320529,4.7705283,6.9709454,0.3,0.0,90.0,75.0,83.916664,89.166664,42.55468,16.595179,32.226326,277.275
20220203T0000,11.180529,3.6205285,8.264697,0.6,0.0,90.0,67.0,79.75,80.625,18.175545,0.8049845,7.5800653,247.42209
20220204T0000,10.360529,5.3405285,7.6159453,0.0,0.0,90.0,55.0,72.041664,69.125,26.6327,6.4799995,15.904186,256.93362
20220205T0000,8.150529,0.62052864,4.231362,0.5,0.0,88.0,49.0,70.541664,13.425,28.66468,8.766573,12.80056,269.74872
20220206T0000,9.270529,2.3005285,5.649695,0.4,0.0,84.0,55.0,69.25,73.620834,49.130436,10.97262,30.138525,244.1016
20220207T0000,8.190529,1.6305287,4.872195,4.2,0.0,87.0,54.0,69.75,33.583332,50.090477,9.449572,26.711676,281.6024
20220208T0000,10.760529,-0.39947134,4.6621947,0.0,0.0,82.0,51.0,69.333336,0.083333336,11.792404,3.6179552,7.4369082,232.77037
20220209T0000,11.830529,1.5005287,6.2213616,0.0,0.0,91.0,48.0,68.958336,0.0,9.178235,1.484318,6.4187503,113.844894
20220210T0000,12.560529,3.5305285,7.5788627,0.0,0.0,76.0,54.0,65.208336,11.9375,23.469128,2.52,10.991341,251.56506
20220211T0000,8.080529,1.2605287,5.0963616,3.9999998,1.2600001,97.0,51.0,75.5,47.625,24.86868,5.0911684,11.291092,318.70355
20220212T0000,8.260529,-0.64947134,3.0180285,0.0,0.0,89.0,36.0,64.666664,26.645834,15.844089,4.68,9.550553,109.03175
20220213T0000,11.870529,1.0605286,5.804279,0.0,0.0,81.0,37.0,61.25,10.316667,20.46941,5.0911684,11.877107,161.53636
20220214T0000,9.250529,-1.2994714,4.8830285,3.3,0.0,88.0,58.0,72.375,83.333336,18.532133,5.04,11.782073,160.5426
20220215T0000,8.020529,3.7105286,5.8776116,0.0,0.0,89.0,62.0,74.166664,57.208332,24.144165,3.096837,13.947953,257.92438
20220216T0000,11.990529,4.4905286,8.425529,0.0,0.0,76.0,61.0,68.541664,100.0,33.092598,12.599998,23.926546,231.4714
20220217T0000,12.590529,9.080529,10.607614,1.3000001,0.0,81.0,58.0,71.625,59.8625,38.36492,18.03237,31.994118,260.03802
20220218T0000,17.72053,5.6505284,10.818863,0.0,0.0,81.0,48.0,67.041664,53.208332,38.251587,1.835647,17.87725,258.79297
20220219T0000,8.580529,3.8705285,6.2596955,0.0,0.0,78.0,46.0,64.0,32.083332,29.522196,9.346143,20.184824,269.78098
20220220T0000,12.360529,3.9805286,7.9242783,0.0,0.0,75.0,50.0,61.333332,63.566666,37.71075,15.192682,27.810179,247.55225
20220221T0000,9.200529,5.1605287,6.8163624,1.4000001,0.0,83.0,60.0,70.333336,61.958332,48.625324,29.142216,40.656094,261.68488
20220222T0000,9.960529,3.1005285,6.213862,0.0,0.0,91.0,59.0,75.666664,58.125,26.999998,17.28,23.108427,266.01358
20220223T0000,12.270529,6.8305287,9.083029,0.0,0.0,91.0,58.0,75.291664,67.424995,24.379204,1.1384199,11.007427,247.2539
20220224T0000,13.570529,3.2505286,8.614696,0.3,0.0,79.0,38.0,61.833332,62.162502,34.17157,5.3517847,18.073109,237.43121
20220225T0000,7.3605285,0.90052867,4.4830284,1.8000001,0.0,85.0,46.0,65.625,46.041668,23.177402,9.47012,17.115114,282.1725
20220226T0000,7.6805286,0.25052866,3.607612,0.0,0.0,82.0,43.0,63.625,4.25,15.281989,0.8049845,9.047842,87.55686
20220227T0000,9.3005295,-1.0194713,3.1921952,0.0,0.0,78.0,31.0,54.458332,0.0,27.155552,0.71999997,12.619686,101.53751
20220228T0000,9.900529,-1.0494714,3.3613617,0.0,0.0,72.0,39.0,57.25,0.0,12.768586,2.6208394,8.214161,108.32028
20220301T0000,10.080529,-0.36947134,4.545945,0.0,0.0,66.0,30.0,49.25,14.304166,16.267857,3.0758414,9.73594,104.03624
20220302T0000,11.630529,-0.27947134,6.0292783,0.0,0.0,68.0,38.0,51.125,46.858334,9.983106,2.0364676,6.348057,89.71208
20220303T0000,12.370529,3.3905284,7.5288615,0.0,0.0,73.0,37.0,54.791668,21.916666,14.578888,0.71999997,6.98192,18.257553
20220304T0000,9.980529,-0.76947135,4.376779,0.0,0.0,86.0,41.0,61.958332,2.25,12.57426,0.35999998,4.62657,19.272202
20220305T0000,8.310529,-1.4294714,2.9867785,0.0,0.0,73.0,40.0,56.416668,0.0,12.397806,1.08,5.190719,59.708313
20220306T0000,8.170529,-1.5294713,2.356362,0.0,0.0,74.0,37.0,58.916668,0.29166666,11.269782,1.1384199,5.282617,89.99999
20220307T0000,7.3205285,-2.7094715,1.815112,0.0,0.0,85.0,33.0,58.458332,0.5,20.240196,1.08,9.827629,90.37694
20220308T0000,10.030529,-2.0794713,3.0955286,0.0,0.0,63.0,34.0,48.208332,7.9583335,17.992796,9.19939,13.188729,108.35137
20220309T0000,12.710529,0.60052866,6.0084453,0.0,0.0,78.0,40.0,57.166668,8.833333,10.630672,1.5273507,6.5830407,107.1351
20220310T0000,14.400529,1.0305287,7.603029,0.0,0.0,81.0,32.0,53.0,0.0,15.716793,7.2,10.930362,115.459915
20220311T0000,15.420529,-0.07947134,7.815945,0.0,0.0,85.0,29.0,53.208332,33.895832,20.730501,9.339208,15.059272,112.71687
20220312T0000,14.430529,3.6405284,8.782195,0.0,0.0,67.0,35.0,51.041668,75.416664,19.255793,3.8773184,10.085832,106.573006
20220313T0000,15.860529,4.1505284,9.900531,0.0,0.0,65.0,30.0,48.958332,70.5,18.511143,2.16,12.898583,104.14404
20220314T0000,14.970529,5.6505284,10.488446,0.0,0.0,79.0,31.0,58.916668,50.05,13.207634,2.16,7.4965286,88.740944
20220315T0000,18.530529,7.1905284,12.831363,2.2,0.0,89.0,47.0,62.416668,82.262505,22.476227,2.7416782,8.946282,131.96167
20220316T0000,20.000528,8.720529,14.061363,0.0,0.0,76.0,42.0,58.5,13.504166,17.902534,5.1544156,10.503173,105.63581
20220317T0000,17.48053,7.2105284,11.856361,0.2,0.0,84.0,53.0,70.708336,59.8875,30.735231,3.8268526,16.159437,27.462051
20220318T0000,16.330528,5.2305284,10.469695,0.4,0.0,85.0,36.0,61.5,86.541664,29.795301,8.427383,20.064758,39.899246
20220319T0000,15.140529,2.0405285,9.720529,0.0,0.0,93.0,29.0,47.291668,38.5,25.277023,2.5959969,13.478176,78.39523
20220320T0000,17.240528,4.9005284,10.535529,0.0,0.0,75.0,28.0,49.5,39.0,17.654688,1.9386592,10.193535,142.07251
20220321T0000,17.410528,3.6305285,10.0105295,0.0,0.0,51.0,29.0,43.166668,0.41666666,14.440443,1.0182338,8.403586,108.77576
20220322T0000,16.490528,4.6205287,10.77053,0.0,0.0,55.0,33.0,43.5,0.0,11.966953,1.2979984,5.912479,158.80594
20220323T0000,17.72053,5.6305285,11.505946,0.0,0.0,65.0,29.0,52.25,0.0,6.379216,1.1384199,4.0601826,83.917656
20220324T0000,18.81053,7.0605288,12.71928,0.0,0.0,80.0,39.0,57.125,0.0,9.726665,1.835647,5.8121166,41.928528
20220325T0000,18.82053,6.4305286,12.319697,0.0,0.0,71.0,35.0,54.708332,2.0833333,10.805999,1.1384199,5.1267085,30.3712
20220326T0000,19.990528,5.1105285,11.668445,0.0,0.0,73.0,28.0,56.458332,0.0,20.172853,1.1384199,7.3678665,79.09497
20220327T0000,19.21053,4.6505284,12.351779,0.0,0.0,68.0,29.0,47.625,0.0,12.599999,2.2768397,5.7951202,92.45904
20220328T0000,21.010529,6.8005285,14.360112,0.0,0.0,59.0,28.0,41.375,9.245833,8.699793,2.1897945,5.51956,152.90445
20220329T0000,19.63053,10.910529,15.467195,0.0,0.0,52.0,21.0,40.875,99.083336,22.473343,4.3349743,8.459413,191.73512
20220330T0000,14.320529,9.970529,12.425946,1.2,0.0,80.0,41.0,65.25,94.458336,21.841648,1.08,12.159175,270.57874
20220331T0000,12.500529,7.1805286,9.335113,6.8999996,0.0,93.0,58.0,80.916664,88.166664,20.478907,1.1384199,10.286066,295.06616
20220401T0000,7.4005284,1.0705286,3.8221948,6.4999995,2.5900002,93.0,81.0,85.541664,100.0,22.862123,10.948973,16.16205,306.58484
20220402T0000,4.0105286,0.41052866,2.1121953,0.5,0.35000002,94.0,63.0,80.125,100.0,42.48,12.783802,30.057047,12.856812
20220403T0000,7.7305284,0.070528656,3.9030282,0.2,0.14,93.0,39.0,64.875,97.666664,15.696165,0.8049845,9.141031,29.158005
20220404T0000,10.030529,-0.6094713,4.8142786,0.0,0.0,72.0,30.0,49.583332,18.333334,24.84,1.2979984,11.638595,260.11588
20220405T0000,14.170529,6.7805285,10.082612,0.0,0.0,76.0,44.0,56.125,95.541664,24.863468,7.145796,17.881708,259.57816
20220406T0000,14.670529,5.6205287,11.076778,0.0,0.0,87.0,52.0,69.875,62.037502,24.648829,5.8048253,13.919048,256.19818
20220407T0000,14.790529,8.860529,11.951362,1.4000001,0.0,80.0,50.0,65.75,85.833336,49.266098,19.969458,34.932823,242.97952
20220408T0000,15.0505295,6.9505286,11.043861,8.099999,0.0,92.0,60.0,75.416664,87.458336,47.532272,1.609969,26.103577,255.01456
20220409T0000,11.250529,1.1605287,6.3359456,7.5999994,4.83,93.0,38.0,67.833336,52.666668,45.929283,16.981165,27.17582,278.10004
20220410T0000,11.850529,1.3305286,7.068028,0.0,0.0,89.0,35.0,59.75,17.266666,18.345877,2.8799999,10.374711,256.54248
20220411T0000,19.190529,2.3005285,10.4167795,0.0,0.0,66.0,30.0,48.666668,24.975,18.448023,8.435069,14.794538,111.72462
20220412T0000,24.020529,6.2805285,15.523861,0.0,0.0,66.0,31.0,46.208332,39.241665,18.204042,5.95906,13.883805,121.41472
20220413T0000,23.13053,13.470529,18.410528,0.0,0.0,68.0,34.0,48.041668,37.016666,13.797912,2.8799999,8.864066,290.84793
20220414T0000,18.260529,13.690529,16.080112,0.1,0.0,86.0,61.0,73.75,52.570835,22.59699,4.32,10.463385,319.52386
20220415T0000,20.360529,11.740529,15.215112,0.0,0.0,96.0,46.0,75.666664,49.225002,13.627795,1.8,5.5902553,352.23483
20220416T0000,17.340528,7.3305287,12.094696,0.0,0.0,95.0,40.0,67.875,43.0,27.117346,1.1384199,10.890901,80.00454
20220417T0000,18.170528,2.0805285,10.429695,0.0,0.0,69.0,20.0,42.0,5.6666665,23.42491,0.71999997,11.575614,86.37951
20220418T0000,17.580528,2.2505286,10.750112,0.0,0.0,69.0,29.0,49.916668,0.875,14.417988,1.835647,7.056335,83.545074
20220419T0000,18.65053,5.2005286,12.614696,0.0,0.0,65.0,32.0,50.541668,30.691666,16.65754,3.4152596,10.585029,37.27446
20220420T0000,18.440529,6.6205287,13.230115,0.0,0.0,65.0,28.0,43.958332,18.445831,23.233253,4.8965297,11.281487,96.118355
20220421T0000,19.250528,4.040529,11.593029,0.0,0.0,63.0,33.0,50.541668,4.9125,12.964998,1.609969,6.617525,65.30601
20220422T0000,18.97053,5.1005287,12.131778,0.0,0.0,94.0,45.0,65.875,36.145832,11.525623,2.4149535,6.4042993,331.406
20220423T0000,17.180529,10.350529,13.705528,0.0,0.0,75.0,43.0,64.916664,87.924995,18.837322,5.692099,12.1939535,71.05349
20220424T0000,15.690529,7.540529,11.869695,8.8,0.0,92.0,43.0,68.416664,91.333336,27.117346,1.8,14.243978,261.2902
20220425T0000,15.030529,9.910529,11.838862,12.900001,0.0,94.0,61.0,82.083336,96.958336,17.731598,0.35999998,8.762785,276.48047
20220426T0000,14.650529,8.620529,11.45428,1.6000001,0.0,92.0,45.0,68.25,57.916668,23.664352,3.6179552,12.639319,284.03625
20220427T0000,18.45053,6.4105287,12.054698,0.0,0.0,78.0,41.0,61.208332,14.75,17.518356,2.3051248,8.029695,80.83765
20220428T0000,20.610529,5.0205283,12.998862,0.0,0.0,84.0,34.0,58.916668,1.1666666,18.014393,0.0,9.285796,92.04157
20220429T0000,20.530529,5.7405286,13.573445,0.0,0.0,77.0,35.0,55.75,31.716667,10.703569,1.0182338,5.9388423,335.34412
20220430T0000,16.170528,10.170529,13.897614,0.2,0.0,76.0,50.0,64.75,49.125,20.907913,4.510787,12.43254,334.5467
20220501T0000,17.440529,7.9505286,12.477195,0.0,0.0,86.0,45.0,67.625,49.541668,14.205182,2.7416782,7.424354,352.97604
20220502T0000,19.82053,8.330529,14.522613,0.0,0.0,79.0,39.0,59.875,19.420835,9.028754,1.0182338,6.122024,41.185898
20220503T0000,20.48053,9.180529,15.289696,0.0,0.0,77.0,38.0,56.958332,6.1625,8.12197,0.5091169,4.0100694,34.053253
20220504T0000,18.660528,11.660529,15.197614,0.70000005,0.0,71.0,45.0,58.708332,52.041668,14.264361,2.3051248,6.50647,252.56357
20220505T0000,15.140529,10.380529,12.73053,6.5,0.0,93.0,71.0,82.375,87.25,17.58481,2.5455842,9.754449,316.0467
20220506T0000,19.280529,10.630529,14.306779,3.2999997,0.0,95.0,49.0,80.208336,96.833336,17.429354,2.2768397,8.034895,357.04688
20220507T0000,19.80053,10.900529,15.62553,0.2,0.0,83.0,46.0,66.25,52.833332,8.4963045,0.71999997,4.5178504,127.030396
20220508T0000,20.280529,10.520529,15.635112,0.3,0.0,80.0,48.0,64.375,9.083333,17.31746,0.8049845,8.181473,79.76022
20220509T0000,22.910528,10.780529,16.883444,0.0,0.0,87.0,43.0,64.791664,2.9166667,7.10031,1.2979984,4.7124248,75.21132
20220510T0000,25.15053,13.230529,19.634697,0.0,0.0,75.0,39.0,56.666668,22.991667,11.183201,1.0182338,5.927423,239.41011
20220511T0000,27.940529,14.960529,21.590948,0.0,0.0,72.0,33.0,49.791668,8.579166,20.478907,2.2768397,11.352356,228.91824
20220512T0000,24.860529,16.180529,20.442194,0.2,0.0,71.0,27.0,50.333332,51.86667,21.38897,0.8049845,12.308209,272.51135
20220513T0000,24.420528,16.020529,19.69303,0.0,0.0,77.0,46.0,62.083332,52.579166,17.581125,3.219938,7.1675477,249.80942
20220514T0000,24.04053,13.020529,18.620113,0.0,0.0,84.0,38.0,62.333332,1.9749999,11.631956,0.35999998,6.154167,329.5582
20220515T0000,28.170528,14.110529,21.737196,0.0,0.0,76.0,36.0,53.625,36.141666,13.358861,0.5091169,6.7225823,102.11524
20220516T0000,25.14053,16.70053,21.035948,1.4,0.0,82.0,48.0,61.5,54.599995,13.044722,0.0,5.615368,233.07175
20220517T0000,26.490528,15.110529,21.528448,0.0,0.0,84.0,40.0,59.416668,8.9875,15.725037,2.9024127,7.213398,102.692665
20220518T0000,28.57053,15.200529,22.684694,0.0,0.0,84.0,36.0,56.833332,0.52500004,15.893093,3.8939953,10.838124,106.910515
20220519T0000,28.95053,15.090529,23.039694,1.6,0.0,82.0,35.0,57.458332,31.525,13.513193,0.71999997,7.6700444,145.76479
20220520T0000,32.84053,16.170528,25.454697,1.0,0.0,89.0,24.0,52.5,28.870834,29.28418,2.9024127,16.036425,219.12352
20220521T0000,25.56053,16.090528,21.015947,0.2,0.0,81.0,33.0,54.958332,46.175003,15.629971,5.0911684,9.797902,310.15375
20220522T0000,26.72053,13.390529,20.976778,0.0,0.0,69.0,43.0,53.833332,39.270836,20.037485,0.35999998,8.990515,65.973495
20220523T0000,28.98053,16.23053,21.740946,3.7000003,0.0,93.0,43.0,65.041664,65.825005,29.59235,2.1897945,16.952986,220.6677
20220524T0000,19.79053,14.450529,17.129696,0.90000004,0.0,83.0,44.0,62.208332,75.166664,23.863409,1.0182338,13.351944,272.6507
20220525T0000,22.32053,12.130529,17.32803,0.0,0.0,65.0,35.0,50.583332,36.7375,15.034041,0.0,6.546581,285.82208
20220526T0000,22.530529,11.080529,17.944696,0.0,0.0,67.0,39.0,53.625,4.4708333,17.76081,2.1897945,10.500821,267.35568
20220527T0000,23.410528,12.910529,18.90053,0.0,0.0,71.0,43.0,57.666668,25.641668,22.884789,5.1544156,13.319847,292.70016
20220528T0000,19.170528,11.010529,15.707614,0.0,0.0,79.0,30.0,50.958332,59.666668,21.26744,6.696387,12.449622,358.5001
20220529T0000,17.360529,8.010529,13.535527,0.0,0.0,71.0,35.0,50.041668,46.833332,19.602652,3.96,11.294113,3.7888947
20220530T0000,20.340528,5.7405286,13.880528,0.0,0.0,78.0,25.0,48.625,14.470833,9.885262,0.8049845,4.2317176,58.465202
20220531T0000,23.430529,10.160529,17.493864,0.0,0.0,76.0,26.0,48.75,38.74583,25.6233,2.2768397,12.723655,249.40398
20220601T0000,23.600529,10.440529,17.696777,0.0,0.0,84.0,35.0,61.208332,47.74167,18.72,3.8773184,9.969333,184.02335
20220602T0000,25.63053,12.240529,20.01553,0.2,0.0,92.0,47.0,66.833336,30.483335,13.627795,2.8799999,9.768635,101.006546
20220603T0000,28.000528,16.410528,21.435112,1.4000001,0.0,88.0,43.0,65.875,73.0125,22.608458,0.0,8.233066,150.38206
20220604T0000,29.410528,17.14053,23.530111,0.0,0.0,77.0,40.0,56.416668,34.720833,16.343367,2.0991426,7.995476,93.1869
20220605T0000,27.520529,18.63053,22.12636,2.5,0.0,85.0,43.0,63.041668,27.1625,22.392462,4.6938252,14.836101,254.58539
20220606T0000,23.930529,14.670529,19.95928,0.0,0.0,78.0,44.0,59.125,51.170834,18.36353,2.0991426,10.609532,248.36911
20220607T0000,20.96053,14.340529,18.124279,10.900001,0.0,92.0,53.0,69.75,64.833336,18.733839,1.1384199,9.85554,251.31403
20220608T0000,22.490528,12.830529,16.944696,2.5,0.0,78.0,40.0,62.833332,51.3875,30.49818,2.9024127,10.972412,248.08513
20220609T0000,17.87053,13.040529,15.599698,0.8,0.0,89.0,47.0,64.541664,54.125,24.251284,5.506941,14.016915,277.0931
20220610T0000,23.97053,11.220529,18.224695,0.0,0.0,69.0,37.0,50.75,3.5416667,9.957108,3.6179552,6.804674,120.79607
20220611T0000,27.62053,14.530529,21.620947,0.0,0.0,73.0,32.0,51.125,0.0,11.592895,2.968636,6.3741455,121.25896
20220612T0000,30.57053,17.22053,24.147196,0.2,0.0,62.0,29.0,45.375,3.125,12.768586,3.9763298,7.451102,85.15988
20220613T0000,25.87053,16.530529,21.534277,0.0,0.0,81.0,29.0,52.25,6.1666665,19.296135,3.96,10.841359,329.65298
20220614T0000,27.920528,12.230529,20.702614,0.0,0.0,71.0,34.0,50.25,2.1000001,16.1198,1.9386592,9.341455,100.39995
20220615T0000,32.48053,13.630529,24.470945,0.0,0.0,78.0,29.0,49.291668,2.6499999,15.119999,1.1384199,8.176097,171.75368
20220616T0000,31.010529,18.500528,26.265945,0.0,0.0,64.0,27.0,43.541668,17.104166,17.477621,3.396233,10.0776205,304.18152
20220617T0000,30.670528,16.530529,24.558863,0.0,0.0,71.0,28.0,47.583332,14.162502,9.746631,0.35999998,5.0434923,92.105515
20220618T0000,34.96053,17.770529,26.86553,0.0,0.0,67.0,21.0,43.125,0.48750004,20.674158,5.6002855,13.684657,117.41403
20220619T0000,36.33053,21.990528,29.229696,0.0,0.0,66.0,22.0,42.208332,3.75,19.64228,6.439876,13.034553,200.73322
20220620T0000,31.71053,21.13053,26.26636,0.0,0.0,65.0,28.0,47.041668,1.6666666,24.993439,2.9024127,11.275368,339.70245
20220621T0000,32.24053,15.820529,24.843445,1.4,0.0,80.0,38.0,55.166668,22.966667,18.58451,1.609969,9.181268,99.318436
20220622T0000,26.38053,19.89053,23.414694,5.0,0.0,85.0,56.0,68.541664,63.745834,27.07669,3.2399998,8.965035,159.40182
20220623T0000,30.62053,18.57053,24.908865,3.4,0.0,85.0,36.0,60.958332,39.666668,19.70815,1.5273507,6.4930806,167.37416
20220624T0000,21.580528,16.760529,19.14678,6.6,0.0,85.0,62.0,73.291664,47.416668,16.23596,0.0,7.3421726,255.4867
20220625T0000,27.850529,12.330529,21.000528,0.0,0.0,87.0,36.0,60.541668,10.283334,16.904673,6.989936,12.4698515,117.97754
20220626T0000,29.80053,18.520529,24.083443,0.0,0.0,68.0,36.0,52.666668,8.658334,11.440979,1.9386592,7.140038,23.552261
20220627T0000,24.54053,18.170528,20.983446,0.1,0.0,88.0,47.0,66.416664,77.183334,22.782625,6.6087217,13.104275,303.90726
20220628T0000,26.98053,17.410528,21.619696,1.8000001,0.0,83.0,45.0,66.458336,87.90417,25.153671,0.71999997,8.656232,73.97971
20220629T0000,26.88053,18.690529,22.704695,0.4,0.0,83.0,45.0,65.25,35.458332,12.0694,1.08,6.007793,237.65941
20220630T0000,31.170528,14.8005295,22.769278,14.200001,0.0,88.0,35.0,64.833336,26.095833,28.808998,0.8049845,13.477912,172.7793
20220701T0000,21.030529,12.3005295,16.26386,3.8000002,0.0,90.0,51.0,70.958336,55.075,23.759998,1.1384199,8.292975,267.63254
20220702T0000,27.79053,11.910529,20.604279,0.0,0.0,82.0,36.0,58.5,0.0,17.698677,4.6938257,8.846333,101.249596
20220703T0000,30.590528,17.48053,24.366781,0.0,0.0,78.0,36.0,55.083332,1.2208333,12.783802,0.8049845,5.3176684,238.75307
20220704T0000,26.79053,17.87053,22.732613,1.2000002,0.0,78.0,37.0,58.416668,52.5,13.281023,3.5455887,8.36443,287.82974
20220705T0000,27.610529,15.840529,22.454279,0.0,0.0,84.0,34.0,56.541668,7.0833335,11.901798,1.2979984,6.1822553,336.7271
20220706T0000,25.72053,14.430529,20.612196,0.0,0.0,73.0,35.0,49.833332,7.2833333,22.45315,3.6179552,12.983101,342.99716
20220707T0000,24.770529,13.000529,19.657612,0.0,0.0,58.0,38.0,47.208332,16.362501,19.48661,2.5959969,9.098723,319.93716
20220708T0000,24.330528,11.530529,18.564695,0.0,0.0,85.0,38.0,59.25,11.708333,23.535301,2.52,9.80394,3.56398
20220709T0000,27.39053,12.690529,20.455946,0.0,0.0,72.0,33.0,51.75,2.075,15.137133,2.0364676,6.602486,41.233612
20220710T0000,24.670528,14.090529,20.08678,0.0,0.0,78.0,30.0,53.583332,2.1499999,25.922499,2.16,13.870808,355.92966